jbutt@gmail.com,70116LA,James-Butt
josephine_darakjy@darakjy.org,48116MI,Josephine-Darakjy
art@venere.org,8014NJ,Art-Venere
lpaprocki@hotmail.com,99501AK,Lenna-Paprocki
donette.foller@cox.net,45011OH,Donette-Foller
simona@morasca.com,44805OH,Simona-Morasca
mitsue_tollner@yahoo.com,60632IL,Mitsue-Tollner
leota@hotmail.com,95111CA,Leota-Dilliard
sage_wieser@cox.net,57105SD,Sage-Wieser
kris@gmail.com,21224MD,Kris-Marrier
minna_amigon@yahoo.com,19443PA,Minna-Amigon
amaclead@gmail.com,11953NY,Abel-Maclead
kiley.caldarera@aol.com,90034CA,Kiley-Caldarera
gruta@cox.net,44023OH,Graciela-Ruta
calbares@gmail.com,78045TX,Cammy-Albares
mattie@aol.com,85013AZ,Mattie-Poquette
meaghan@hotmail.com,37110TN,Meaghan-Garufi
gladys.rim@rim.org,53207WI,Gladys-Rim
yuki_whobrey@aol.com,48180MI,Yuki-Whobrey
fletcher.flosi@yahoo.com,61109IL,Fletcher-Flosi
bette_nicka@cox.net,19014PA,Bette-Nicka
vinouye@aol.com,95111CA,Veronika-Inouye
willard@hotmail.com,75062TX,Willard-Kolmetz
mroyster@royster.com,12204NY,Maryann-Royster
alisha@slusarski.com,8846NJ,Alisha-Slusarski
